{
    "epsilon": 1.0000000000000007,
    "iteration_number": 0,
    "duration": 0.407867431640625,
    "to_time": 1.0253162384033203,
    "utility": [
        -0.2962962962962963,
        0.14814814814814814,
        0.14814814814814814
    ]
}{
    "epsilon": 0.42832679241374827,
    "iteration_number": 1,
    "duration": 0.39335083961486816,
    "to_time": 2.1810851097106934,
    "utility": [
        -0.546258186567537,
        0.2731290932837685,
        0.2731290932837685
    ]
}{
    "epsilon": 1.0000000000000007,
    "iteration_number": 0,
    "duration": 0.3980216979980469,
    "to_time": 1.0119006633758545,
    "utility": [
        -0.2962962962962963,
        0.14814814814814814,
        0.14814814814814814
    ]
}{
    "epsilon": 0.42832679241374827,
    "iteration_number": 1,
    "duration": 0.38355588912963867,
    "to_time": 2.165201425552368,
    "utility": [
        -0.546258186567537,
        0.2731290932837685,
        0.2731290932837685
    ]
}{
    "epsilon": 1.0000000000000007,
    "iteration_number": 0,
    "duration": 0.3865830898284912,
    "to_time": 1.0109248161315918,
    "utility": [
        -0.2962962962962963,
        0.14814814814814814,
        0.14814814814814814
    ]
}{
    "epsilon": 0.42832679241374827,
    "iteration_number": 1,
    "duration": 0.38901209831237793,
    "to_time": 2.1692936420440674,
    "utility": [
        -0.546258186567537,
        0.2731290932837685,
        0.2731290932837685
    ]
}
敌手节点数量： 168
协调者节点数量： 1044
虚拟机会节点节点数量： 0
总节点数量： 2509
敌手节点数量： 1464
协调者节点数量： 29700
虚拟机会节点节点数量： 14760
总节点数量： 92581{
    "epsilon": 1.5339506172839472,
    "iteration_number": 0,
    "duration": 13.246192216873169,
    "to_time": 40.42020845413208,
    "utility": [
        -0.7499999999999999,
        0.24999999999999992,
        0.24999999999999992,
        0.24999999999999992
    ]
}{
    "epsilon": 0.5705223800972633,
    "iteration_number": 1,
    "duration": 13.165031433105469,
    "to_time": 85.61947345733643,
    "utility": [
        -0.8946977982929033,
        0.29823259943096775,
        0.29823259943096775,
        0.29823259943096775
    ]
}

Building a goofspiel_4_3_Accumulate tree
敌手节点数量： 492
协调者节点数量： 7038
虚拟机会节点节点数量： 0
总节点数量： 15307
敌手节点数量： 13128
协调者节点数量： 1107162
虚拟机会节点节点数量： 552762
总节点数量： 3352669